<refentry xmlns="http://docbook.org/ns/docbook"
          xmlns:xlink="http://www.w3.org/1999/xlink"
          xmlns:xi="http://www.w3.org/2001/XInclude"
          xmlns:src="http://nwalsh.com/xmlns/litprog/fragment"
          xmlns:xsl="http://www.w3.org/1999/XSL/Transform"
          version="5.0" xml:id="glossterm.auto.link">
<refmeta>
<refentrytitle>glossterm.auto.link</refentrytitle>
<refmiscinfo class="other" otherclass="datatype">boolean</refmiscinfo>
</refmeta>
<refnamediv>
<refname>glossterm.auto.link</refname>
<refpurpose>Generate links from glossterm to glossentry automaticaly?</refpurpose>
</refnamediv>

<refsynopsisdiv>
<src:fragment xml:id="glossterm.auto.link.frag">
<xsl:param name="glossterm.auto.link" select="0"/>
</src:fragment>
</refsynopsisdiv>

<refsection><info><title>Description</title></info>

<para>If true, a link will be automatically created from glossterm 
to glossentry for that glossary term. This is usefull when your
glossterm names are consistent and you don't want to add links
manually.</para>
<para>If there is <tag class="attribute">linkend</tag> on
<tag>glossterm</tag> then is used instead of autogeneration of
link.</para>

</refsection>
</refentry>
