<refentry xmlns="http://docbook.org/ns/docbook"
          xmlns:xlink="http://www.w3.org/1999/xlink"
          xmlns:xi="http://www.w3.org/2001/XInclude"
          xmlns:src="http://nwalsh.com/xmlns/litprog/fragment"
          xmlns:xsl="http://www.w3.org/1999/XSL/Transform"
          version="5.0" xml:id="root.properties">
<refmeta>
<refentrytitle>root.properties</refentrytitle>
<refmiscinfo class="other" otherclass="datatype">attribute set</refmiscinfo>
</refmeta>
<refnamediv>
<refname>root.properties</refname>
<refpurpose>The properties of the fo:root element</refpurpose>
</refnamediv>

<refsynopsisdiv>
<src:fragment xml:id="root.properties.frag">
<xsl:attribute-set name="root.properties">
  <xsl:attribute name="font-family">
    <xsl:value-of select="$body.fontset"/>
  </xsl:attribute>
  <xsl:attribute name="font-size">
    <xsl:value-of select="$body.font.size"/>
  </xsl:attribute>
  <xsl:attribute name="text-align">
    <xsl:value-of select="$alignment"/>
  </xsl:attribute>
  <xsl:attribute name="line-height">
    <xsl:value-of select="$line-height"/>
  </xsl:attribute>
  <xsl:attribute name="font-selection-strategy">character-by-character</xsl:attribute>
  <xsl:attribute name="line-height-shift-adjustment">disregard-shifts</xsl:attribute>
</xsl:attribute-set>
</src:fragment>
</refsynopsisdiv>

<refsection><info><title>Description</title></info>

<para>This property set is used on the <tag>fo:root</tag> element of
an FO file. It defines a set of default, global parameters.</para>

</refsection>
</refentry>
